epoch,loss,val_loss
1,0.0026144147850573063,0.0011365708196535707
2,0.0010703857988119125,0.0007569599547423422
3,0.0009611057466827333,0.0007598951342515647
4,0.000914154399652034,0.0006959123420529068
5,0.0008862470276653767,0.000710284395609051
6,0.0008661439642310143,0.0006962456973269582
7,0.0008499871473759413,0.0007308147614821792
8,0.0008359463536180556,0.000756208086386323
9,0.0008266959921456873,0.0007117006462067366
