model,MAE,MSE,RMSE,MAPE,R2,TrainingTimePerEpoch,NumLayers,FinalLoss,FinalValLoss,EpochsRun,TotalTrainingTime
LSTM,12.1654,312.0532,17.665,480805.7901,0.9402,32.6,5,0.000818,0.00074,24,782.47
GRU,12.314,331.7622,18.2143,613251.0173,0.9364,36.65,5,0.000848,0.000706,13,476.49
TCN,12.7939,341.3596,18.4759,1294626.6081,0.9346,78.17,6,0.000827,0.000712,9,703.54
